<?xml version="1.0" encoding="UTF-8"?>
<metadata modelVersion="1.1.0">
  <groupId>ex.sds</groupId>
  <artifactId>Trinh_SpringMVC_HelloWorld</artifactId>
  <versioning>
    <lastUpdated>20220531145710</lastUpdated>
    <snapshot>
      <localCopy>true</localCopy>
    </snapshot>
    <snapshotVersions>
      <snapshotVersion>
        <extension>war</extension>
        <value>0.0.1-SNAPSHOT</value>
        <updated>20220531145710</updated>
      </snapshotVersion>
      <snapshotVersion>
        <extension>pom</extension>
        <value>0.0.1-SNAPSHOT</value>
        <updated>20220531145710</updated>
      </snapshotVersion>
    </snapshotVersions>
  </versioning>
  <version>0.0.1-SNAPSHOT</version>
</metadata>
